Date,ATM_IV,VIX
2025-03-24,11.27,15.03
2025-03-25,11.29,15.05
2025-03-26,11.32,15.09
2025-03-27,11.69,15.59
2025-03-28,11.7,15.6
2025-03-31,11.17,14.89
2025-04-01,11.39,15.19
2025-04-02,11.36,15.15
2025-04-03,11.36,15.15
2025-04-04,11.48,15.31
2025-04-07,11.65,15.53
2025-04-08,12.19,16.25
2025-04-09,12.5,16.67
2025-04-10,12.59,16.79
2025-04-11,12.34,16.45
2025-04-14,11.98,15.97
2025-04-15,12.14,16.19
2025-04-16,12.72,16.96
2025-04-17,12.78,17.04
2025-04-18,12.77,17.03
2025-04-21,13.02,17.36
2025-04-22,12.47,16.63
2025-04-23,12.39,16.52
2025-04-24,12.63,16.84
2025-04-25,13.02,17.36
2025-04-28,12.96,17.28
2025-04-29,13.14,17.52
2025-04-30,13.26,17.68
2025-05-01,13.6,18.13
2025-05-02,13.17,17.56
2025-05-05,13.42,17.89
2025-05-06,12.83,17.11
2025-05-07,11.82,15.76
2025-05-08,11.64,15.52
2025-05-09,11.34,15.12
2025-05-12,11.77,15.69
2025-05-13,12.11,16.15
2025-05-14,11.68,15.57
2025-05-15,12.08,16.11
2025-05-16,11.74,15.65
2025-05-19,11.77,15.69
2025-05-20,11.72,15.63
2025-05-21,11.84,15.79
2025-05-22,12.23,16.31
2025-05-23,12.54,16.72
2025-05-26,12.72,16.96
2025-05-27,13.02,17.36
2025-05-28,13.24,17.65
2025-05-29,13.01,17.35
2025-05-30,12.76,17.01
2025-06-02,12.61,16.81
2025-06-03,12.85,17.13
2025-06-04,12.78,17.04
2025-06-05,13.75,18.33
2025-06-06,13.43,17.91
2025-06-09,13.01,17.35
2025-06-10,13.35,17.8
2025-06-11,13.94,18.59
2025-06-12,14.14,18.85
2025-06-13,14.47,19.29
2025-06-16,15.03,20.04
2025-06-17,14.96,19.95
2025-06-18,14.36,19.15
2025-06-19,14.14,18.85
2025-06-20,14.51,19.35
2025-06-23,13.92,18.56
2025-06-24,13.94,18.59
2025-06-25,14.04,18.72
2025-06-26,13.91,18.55
2025-06-27,14.2,18.93
2025-06-30,14.43,19.24
2025-07-01,15.35,20.47
2025-07-02,15.55,20.73
2025-07-03,15.26,20.35
2025-07-04,15.0,20.0
2025-07-07,14.64,19.52
2025-07-08,15.0,20.0
2025-07-09,14.74,19.65
2025-07-10,14.69,19.59
2025-07-11,14.97,19.96
2025-07-14,14.65,19.53
2025-07-15,14.52,19.36
2025-07-16,13.76,18.35
2025-07-17,13.34,17.79
2025-07-18,13.13,17.51
2025-07-21,13.32,17.76
2025-07-22,13.82,18.43
2025-07-23,13.82,18.43
2025-07-24,13.93,18.57
2025-07-25,14.0,18.67
2025-07-28,14.43,19.24
2025-07-29,14.78,19.71
2025-07-30,14.86,19.81
2025-07-31,14.43,19.24
2025-08-01,14.78,19.71
2025-08-04,14.91,19.88
2025-08-05,15.37,20.49
2025-08-06,15.32,20.43
2025-08-07,16.06,21.41
2025-08-08,15.86,21.15
2025-08-11,16.44,21.92
2025-08-12,16.41,21.88
2025-08-13,16.13,21.51
2025-08-14,15.62,20.83
2025-08-15,15.51,20.68
2025-08-18,16.03,21.37
2025-08-19,16.3,21.73
2025-08-20,16.5,22.0
2025-08-21,15.48,20.64
2025-08-22,15.72,20.96
2025-08-25,15.89,21.19
2025-08-26,15.61,20.81
2025-08-27,15.31,20.41
2025-08-28,15.27,20.36
2025-08-29,15.92,21.23
2025-09-01,15.44,20.59
2025-09-02,15.23,20.31
2025-09-03,15.74,20.99
2025-09-04,15.51,20.68
2025-09-05,15.32,20.43
2025-09-08,15.32,20.43
2025-09-09,14.78,19.71
2025-09-10,14.84,19.79
2025-09-11,14.34,19.12
2025-09-12,14.68,19.57
2025-09-15,14.66,19.55
2025-09-16,15.55,20.73
2025-09-17,15.62,20.83
2025-09-18,16.12,21.49
2025-09-19,15.53,20.71
2025-09-22,15.44,20.59
2025-09-23,15.52,20.69
2025-09-24,16.18,21.57
2025-09-25,15.44,20.59
2025-09-26,15.79,21.05
2025-09-29,15.97,21.29
2025-09-30,16.53,22.04
2025-10-01,16.74,22.32
2025-10-02,16.68,22.24
2025-10-03,16.39,21.85
2025-10-06,15.82,21.09
2025-10-07,15.84,21.12
2025-10-08,15.71,20.95
2025-10-09,16.47,21.96
2025-10-10,16.15,21.53
2025-10-13,16.21,21.61
2025-10-14,15.52,20.69
2025-10-15,15.31,20.41
2025-10-16,15.38,20.51
2025-10-17,15.67,20.89
2025-10-20,16.2,21.6
2025-10-21,16.11,21.48
2025-10-22,15.6,20.8
2025-10-23,15.74,20.99
2025-10-24,15.89,21.19
2025-10-27,16.03,21.37
2025-10-28,15.69,20.92
2025-10-29,16.09,21.45
2025-10-30,16.07,21.43
2025-10-31,16.28,21.71
2025-11-03,16.72,22.29
2025-11-04,16.89,22.52
2025-11-05,16.91,22.55
2025-11-06,17.69,23.59
2025-11-07,17.68,23.57
2025-11-10,17.45,23.27
2025-11-11,17.39,23.19
2025-11-12,17.88,23.84
2025-11-13,17.81,23.75
2025-11-14,17.9,23.87
2025-11-17,18.27,24.36
2025-11-18,17.93,23.91
2025-11-19,17.12,22.83
2025-11-20,17.15,22.87
2025-11-21,17.15,22.87
2025-11-24,16.81,22.41
2025-11-25,17.07,22.76
2025-11-26,17.22,22.96
2025-11-27,16.73,22.31
2025-11-28,16.85,22.47
2025-12-01,16.69,22.25
2025-12-02,16.02,21.36
2025-12-03,16.14,21.52
2025-12-04,16.06,21.41
2025-12-05,15.7,20.93
2025-12-08,15.85,21.13
2025-12-09,15.99,21.32
2025-12-10,15.7,20.93
2025-12-11,15.81,21.08
2025-12-12,16.16,21.55
2025-12-15,15.81,21.08
2025-12-16,15.91,21.21
2025-12-17,15.86,21.15
2025-12-18,16.71,22.28
2025-12-19,15.88,21.17
2025-12-22,16.1,21.47
2025-12-23,15.92,21.23
2025-12-24,15.82,21.09
2025-12-25,16.52,22.03
2025-12-26,16.45,21.93
2025-12-29,17.27,23.03
2025-12-30,16.99,22.65
2025-12-31,17.04,22.72
2026-01-01,16.76,22.35
2026-01-02,16.4,21.87
2026-01-05,16.35,21.8
2026-01-06,16.17,21.56
2026-01-07,16.18,21.57
2026-01-08,15.28,20.37
2026-01-09,16.04,21.39
2026-01-12,15.91,21.21
2026-01-13,16.55,22.07
2026-01-14,16.07,21.43
2026-01-15,16.13,21.51
2026-01-16,17.33,23.11
2026-01-19,16.88,22.51
2026-01-20,16.2,21.6
2026-01-21,15.91,21.21
2026-01-22,16.04,21.39
2026-01-23,16.26,21.68
2026-01-26,16.71,22.28
2026-01-27,16.52,22.03
2026-01-28,15.81,21.08
2026-01-29,15.58,20.77
2026-01-30,16.03,21.37
2026-02-02,16.15,21.53
2026-02-03,15.31,20.41
2026-02-04,15.25,20.33
2026-02-05,15.77,21.03
2026-02-06,16.57,22.09
2026-02-09,16.72,22.29
2026-02-10,16.76,22.35
2026-02-11,16.18,21.57
2026-02-12,15.78,21.04
2026-02-13,15.74,20.99
2026-02-16,15.89,21.19
2026-02-17,16.07,21.43
2026-02-18,15.82,21.09
2026-02-19,15.3,20.4
2026-02-20,14.95,19.93
2026-02-23,14.46,19.28
2026-02-24,14.7,19.6
2026-02-25,13.76,18.35
2026-02-26,13.63,18.17
2026-02-27,13.82,18.43
2026-03-02,14.44,19.25
2026-03-03,14.45,19.27
2026-03-04,14.84,19.79
2026-03-05,14.65,19.53
2026-03-06,14.34,19.12
2026-03-09,14.06,18.75
2026-03-10,11.25,15.0
